Rank,Name,Team,Position,Played,FantasyPointsPerGamePPR,StDev_PointsPerGamePPR
1,Sam LaPorta,DET,TE,17,14.1,7.47
2,Evan Engram,JAX,TE,17,13.5,7.05
7,Trey McBride,ARI,TE,17,10.7,7.39
8,Cole Kmet,CHI,TE,17,10.7,7.41
9,Jake Ferguson,DAL,TE,17,10.4,5.3
12,Kyle Pitts,ATL,TE,17,8.1,4.18
16,Jonnu Smith,ATL,TE,17,7.3,5.82
17,Tyler Conklin,NYJ,TE,17,7.2,3.71
19,Cade Otton,TB,TE,17,6.9,5.2
20,Chigoziem Okonkwo,TEN,TE,17,6.7,3.83
24,Isaiah Likely,BAL,TE,17,5.9,6.75
28,Tucker Kraft,GB,TE,17,4.6,4.95
31,Noah Fant,SEA,TE,17,4.3,3.47
35,Noah Gray,KC,TE,17,4.2,2.87
36,Mike Gesicki,NE,TE,17,3.8,3.18
37,Colby Parkinson,SEA,TE,17,3.6,3.41
38,Adam Trautman,DEN,TE,17,3.6,3.8
41,Josh Oliver,MIN,TE,17,3.1,3.79
44,Daniel Bellinger,NYG,TE,17,3,2.93
45,Drew Sample,CIN,TE,17,3,3.27
46,Mo Alie-Cox,IND,TE,17,2.9,3.47
47,Austin Hooper,LV,TE,17,2.8,2
50,Johnny Mundt,MIN,TE,17,2.4,3.86
52,Connor Heyward,PIT,TE,17,2.3,2.46
54,Harrison Bryant,CLE,TE,17,2.2,4.1
55,Pharaoh Brown,NE,TE,17,2.2,3.87
58,John Bates,WAS,TE,17,2,2.24
63,Luke Farrell,JAX,TE,17,1.7,2.2
64,Jordan Akins,CLE,TE,17,1.7,1.49
66,Luke Schoonmaker,DAL,TE,17,1.6,2.8
67,MyCole Pruitt,ATL,TE,17,1.5,2.25
73,Robert Tonyan,CHI,TE,17,1.3,1.9
77,Mitchell Wilcox,CIN,TE,17,0.9,1.21
81,Darnell Washington,PIT,TE,17,0.8,0.93
82,Marcedes Lewis,CHI,TE,17,0.8,1.76
84,Ben Sims,GB,TE,17,0.7,1.73
85,Blake Bell,KC,TE,17,0.7,2.18
89,Jack Stoll,PHI,TE,17,0.5,0.83
94,Charlie Woerner,SF,TE,17,0.4,0.84
5,George Kittle,SF,TE,16,12.7,8.24
6,David Njoku,CLE,TE,16,12.6,6.84
11,Dalton Kincaid,BUF,TE,16,9.4,5.53
15,Logan Thomas,WAS,TE,16,7.9,5.44
33,Durham Smythe,MIA,TE,16,4.5,3.33
38,Tommy Tremble,CAR,TE,16,3.8,3.03
50,Will Dissly,SEA,TE,16,2.5,3.4
61,Stone Smartt,LAC,TE,16,2,3.12
93,Ko Kieft,TB,TE,16,0.4,1.74
101,Chris Manhertz,DEN,TE,16,0.2,0.6
3,Travis Kelce,KC,TE,15,14.6,7.73
4,T.J. Hockenson,MIN,TE,15,14.6,6.62
10,Dalton Schultz,HOU,TE,15,10,7.06
22,Gerald Everett,LAC,TE,15,7.4,3.95
23,Tyler Higbee,LAR,TE,15,7.2,4.98
32,Kylen Granson,IND,TE,15,4.9,3.85
48,Foster Moreau,NO,TE,15,3.1,2.53
62,Jeremy Ruckert,NYJ,TE,15,2.1,2.19
68,Davis Allen,LAR,TE,15,1.7,3.93
74,Charlie Kolar,BAL,TE,15,1.4,2.51
78,Josiah Deguara,GB,TE,15,1,1.97
83,Brycen Hopkins,LAR,TE,15,0.9,1.79
87,Quintin Morris,BUF,TE,15,0.7,2.15
89,Julian Hill,MIA,TE,15,0.6,1.16
91,Grant Calcaterra,PHI,TE,15,0.5,1.34
98,James Mitchell,DET,TE,15,0.3,0.89
103,Trevon Wesco,TEN,TE,15,0.2,0.77
113,Brady Russell,SEA,TE,15,0,0
999,"League Average (8+ Games, 3+ PPG)",NFL,TE,14.65,7.06,4.89
13,Dallas Goedert,PHI,TE,14,9.7,6.58
18,Hunter Henry,NE,TE,14,8.6,6.95
27,Donald Parham Jr.,LAC,TE,14,5.7,5.4
34,Michael Mayer,LV,TE,14,5.1,4.43
43,Brevin Jordan,HOU,TE,14,3.6,3.66
65,Brock Wright,DET,TE,14,2,2.72
76,Geoff Swaim,ARI,TE,14,1.4,1.67
78,Brenton Strange,JAX,TE,14,1,2.78
107,Kevin Rader,TEN,TE,14,0.1,0.41
25,Juwan Johnson,NO,TE,13,7.5,6.47
59,Jimmy Graham,NO,TE,13,2.6,3.94
86,Payne Durham,TB,TE,13,0.8,1.31
109,Jesper Horsted,LV,TE,13,0.1,0.37
113,Rodney Williams,PIT,TE,13,0,0
21,Darren Waller,NYG,TE,12,9.4,5.62
26,Tanner Hudson,CIN,TE,12,6.7,2.73
29,Pat Freiermuth,PIT,TE,12,6.4,5.52
40,Dawson Knox,BUF,TE,12,4.6,3.16
53,Will Mallory,IND,TE,12,3.2,3.35
57,Drew Ogletree,IND,TE,12,3,4.33
60,Irv Smith Jr.,CIN,TE,12,2.8,3.16
72,Cole Turner,WAS,TE,12,1.9,2.23
75,C.J. Uzomah,NYJ,TE,12,1.6,2.09
87,Ian Thomas,CAR,TE,12,0.9,1.18
104,Ross Dwelley,SF,TE,12,0.2,0.61
30,Luke Musgrave,GB,TE,11,6.8,3.77
56,Elijah Higgins,ARI,TE,11,3.3,3.93
69,Stephen Sullivan,CAR,TE,11,2.2,2.13
70,Josh Whyle,TEN,TE,11,2.2,2.9
80,Lawrence Cager,NYG,TE,11,1.2,2.42
14,Mark Andrews,BAL,TE,10,13.5,6.36
94,Nate Adkins,DEN,TE,10,0.6,1
100,Eric Saubert,HOU,TE,10,0.4,0.65
104,John FitzPatrick,ATL,TE,10,0.2,0.66
49,Hayden Hurst,CAR,TE,9,4.7,4.21
113,Sean McKeon,DAL,TE,9,0,0
92,Peyton Hendershot,DAL,TE,8,1,1.14
110,Nick Vannett,LAC,TE,8,0.2,0.43
113,Tyler Kroft,MIA,TE,8,0,0
42,Zach Ertz,ARI,TE,7,7.4,3.28
71,Lucas Krull,DEN,TE,7,3.4,4.22
97,Teagan Quitoriano,HOU,TE,7,0.8,1.23
113,Brayden Willis,SF,TE,7,0,0
106,Tucker Fisk,ATL,TE,6,0.3,0.71
113,Tre' McKitty,LAC,TE,6,0,0
98,Kenny Yeboah,NYJ,TE,5,1,1.92
111,Giovanni Ricci,CAR,TE,5,0.2,0.48
112,David Wells,TB,TE,5,0.2,0.4
113,Albert Okwuegbunam,PHI,TE,4,0,0
113,Hunter Long,LAR,TE,4,0,0
113,Parker Hesse,ATL,TE,3,0,0
113,Darrell Daniels,DET,TE,3,0,0
113,Tanner Conner,MIA,TE,3,0,0
113,Stephen Anderson,LAC,TE,3,0,0
113,Josh Pederson,JAX,TE,3,0,0
113,Matt Sokol,NE,TE,3,0,0
96,Greg Dulcich,DEN,TE,2,2.8,1.45
102,Nick Muse,MIN,TE,2,1.6,1.6
107,Cole Fotheringham,LV,TE,2,0.8,0.8
113,Blake Whiteheart,ARI,TE,2,0,0
113,Tyree Jackson,NYG,TE,2,0,0
113,Princeton Fant,DAL,TE,2,0,0
113,Anthony Firkser,DET,TE,2,0,0
113,Travis Vokolek,ARI,TE,2,0,0
113,Matt Bushman,KC,TE,1,0,0
113,Stephen Carlson,CHI,TE,1,0,0
113,J.P. Holtz,NO,TE,1,0,0
113,Jordan Matthews,CAR,TE,1,0,0
113,Dalton Keene,HOU,TE,1,0,0
113,Noah Togiai,PHI,TE,1,0,0
113,Hunter Kampmoyer,LAC,TE,1,0,0
113,Zack Kuntz,NYJ,TE,1,0,0
113,Zach Gentry,LV,TE,1,0,0
113,Chris Pierce,CAR,TE,1,0,0
