Rank,PlayerID,Name,Team,Position,Played,ReceivingTargets,Receptions,PointsFromRec,PFREC_PCT_TOTAL,ReceptionPercentage,ReceivingYards,PointsFromRecYards,PFRECY_PCT_TOTAL,ReceivingTouchdowns,PointsFromRecTDs,PFRECTD_PCT_TOTAL,ReceivingLong,ReceivingYardsPerTarget,ReceivingYardsPerReception,RushingAttempts,RushingYards,PointsFromRYDs,PFRY_PCT_TOTAL,RushingYardsPerAttempt,RushingTouchdowns,PointsFromRuTDs,PFRTD_PCT_TOTAL,Fumbles,FumblesLost,PointsFromFum,PFFUM_PCT_TOTAL,FantasyPointsPerGamePPR,FantasyPointsPPR
1,23141,Sam LaPorta,DET,TE,17,120,86,86.00,0.36,71.7,889,88.90,0.37,10,60.00,0.25,48,7.4,10.3,1,4,0.40,0.00,4,0,0.00,0.00,0,0,0.00,0.00,14.1,235.30
2,18912,Evan Engram,JAX,TE,17,143,114,114.00,0.50,79.7,963,96.30,0.42,4,24.00,0.10,34,6.7,8.4,0,0,0.00,0.00,0,0,0.00,0.00,3,2,-4.00,-0.02,13.5,234.28
3,15048,Travis Kelce,KC,TE,15,121,93,93.00,0.42,76.9,984,98.40,0.45,5,30.00,0.14,53,8.1,10.6,0,0,0.00,0.00,0,0,0.00,0.00,1,1,-2.00,-0.01,14.6,221.39
4,20805,T.J. Hockenson,MIN,TE,15,127,95,95.00,0.43,74.8,960,96.00,0.44,5,30.00,0.14,29,7.6,10.1,0,0,0.00,0.00,0,0,0.00,0.00,1,1,-2.00,-0.01,14.6,220.99
5,19063,George Kittle,SF,TE,16,90,65,65.00,0.32,72.2,1020,102.00,0.50,6,36.00,0.18,66,11.3,15.7,1,2,0.20,0.00,2,0,0.00,0.00,0,0,0.00,0.00,12.7,203.20
6,18876,David Njoku,CLE,TE,16,123,81,81.00,0.40,65.9,882,88.20,0.44,6,36.00,0.18,43,7.2,10.9,0,0,0.00,0.00,0,0,0.00,0.00,2,2,-4.00,-0.02,12.6,205.18
7,23251,Trey McBride,ARI,TE,17,106,81,81.00,0.45,76.4,825,82.50,0.45,3,18.00,0.10,38,7.8,10.2,0,0,0.00,0.00,0,0,0.00,0.00,1,0,0.00,0.00,10.7,181.50
8,21772,Cole Kmet,CHI,TE,17,90,73,73.00,0.40,81.1,719,71.90,0.40,6,36.00,0.20,53,8,9.8,3,2,0.20,0.00,0.7,0,0.00,0.00,1,0,0.00,0.00,10.7,181.10
9,23138,Jake Ferguson,DAL,TE,17,102,71,71.00,0.40,69.6,761,76.10,0.43,5,30.00,0.17,40,7.5,10.7,0,0,0.00,0.00,0,0,0.00,0.00,0,0,0.00,0.00,10.4,177.10
10,19920,Dalton Schultz,HOU,TE,15,88,59,59.00,0.39,67,635,63.50,0.42,5,30.00,0.20,31,7.2,10.8,0,0,0.00,0.00,0,0,0.00,0.00,1,1,-2.00,-0.01,10,152.49
11,24102,Dalton Kincaid,BUF,TE,16,91,73,73.00,0.49,80.2,673,67.30,0.45,2,12.00,0.08,51,7.4,9.2,0,0,0.00,0.00,0,0,0.00,0.00,1,1,-2.00,-0.01,9.4,152.29
12,22508,Kyle Pitts,ATL,TE,17,90,53,53.00,0.39,58.9,667,66.70,0.49,3,18.00,0.13,39,7.4,12.6,1,-4,-0.40,0.00,-4,0,0.00,0.00,0,0,0.00,0.00,8.1,137.30
13,19863,Dallas Goedert,PHI,TE,14,83,59,59.00,0.43,71.1,592,59.20,0.43,3,18.00,0.13,49,7.1,10,1,1,0.10,0.00,1,0,0.00,0.00,0,0,0.00,0.00,9.7,136.30
14,19803,Mark Andrews,BAL,TE,10,61,45,45.00,0.33,73.8,544,54.40,0.40,6,36.00,0.27,38,8.9,12.1,1,0,0.00,0.00,0,0,0.00,0.00,1,0,0.00,0.00,13.5,135.40
15,16656,Logan Thomas,WAS,TE,16,78,55,55.00,0.43,70.5,496,49.60,0.39,4,24.00,0.19,29,6.4,9,1,2,0.20,0.00,2,0,0.00,0.00,2,2,-4.00,-0.03,7.9,128.77
16,18990,Jonnu Smith,ATL,TE,17,70,50,50.00,0.40,71.4,582,58.20,0.47,3,18.00,0.14,60,8.3,11.6,1,0,0.00,0.00,0,0,0.00,0.00,1,1,-2.00,-0.02,7.3,126.18
17,19988,Tyler Conklin,NYJ,TE,17,87,61,61.00,0.50,70.1,621,62.10,0.50,0,0.00,0.00,37,7.1,10.2,1,0,0.00,0.00,0,0,0.00,0.00,0,0,0.00,0.00,7.2,123.10
18,17975,Hunter Henry,NE,TE,14,61,42,42.00,0.35,68.9,419,41.90,0.35,6,36.00,0.30,24,6.9,10,0,0,0.00,0.00,0,0,0.00,0.00,1,0,0.00,0.00,8.6,119.90
19,23134,Cade Otton,TB,TE,17,67,47,47.00,0.40,70.1,455,45.50,0.39,4,24.00,0.21,27,6.8,9.7,0,0,0.00,0.00,0,0,0.00,0.00,1,1,-2.00,-0.02,6.9,116.48
20,23489,Chigoziem Okonkwo,TEN,TE,17,77,54,54.00,0.48,70.1,528,52.80,0.47,1,6.00,0.05,39,6.9,9.8,2,6,0.60,0.01,3,0,0.00,0.00,0,0,0.00,0.00,6.7,113.40
21,16964,Darren Waller,NYG,TE,12,74,52,52.00,0.46,70.3,552,55.20,0.49,1,6.00,0.05,29,7.5,10.6,0,0,0.00,0.00,0,0,0.00,0.00,0,0,0.00,0.00,9.4,113.20
22,18935,Gerald Everett,LAC,TE,15,70,51,51.00,0.46,72.9,411,41.10,0.37,3,18.00,0.16,31,5.9,8.1,3,10,1.00,0.01,3.3,0,0.00,0.00,3,0,0.00,0.00,7.4,111.10
23,18032,Tyler Higbee,LAR,TE,15,70,47,47.00,0.43,67.1,495,49.50,0.46,2,12.00,0.11,33,7.1,10.5,0,0,0.00,0.00,0,0,0.00,0.00,0,0,0.00,0.00,7.2,108.50
24,23256,Isaiah Likely,BAL,TE,17,40,30,30.00,0.30,75,411,41.10,0.41,5,30.00,0.30,54,10.3,13.7,0,0,0.00,0.00,0,0,0.00,0.00,0,0,0.00,0.00,5.9,101.10
25,21738,Juwan Johnson,NO,TE,13,59,37,37.00,0.38,62.7,368,36.80,0.38,4,24.00,0.25,32,6.2,9.9,0,0,0.00,0.00,0,0,0.00,0.00,0,0,0.00,0.00,7.5,97.80
26,20506,Tanner Hudson,CIN,TE,12,50,39,39.00,0.49,78,352,35.20,0.44,1,6.00,0.07,26,7,9,0,0,0.00,0.00,0,0,0.00,0.00,0,0,0.00,0.00,6.7,80.20
27,20905,Donald Parham Jr.,LAC,TE,14,41,27,27.00,0.34,65.9,285,28.50,0.36,4,24.00,0.30,24,7,10.6,0,0,0.00,0.00,0,0,0.00,0.00,0,0,0.00,0.00,5.7,79.50
28,24118,Tucker Kraft,GB,TE,17,40,31,31.00,0.39,77.5,355,35.50,0.45,2,12.00,0.15,43,8.9,11.5,0,0,0.00,0.00,0,0,0.00,0.00,0,0,0.00,0.00,4.6,78.50
29,22507,Pat Freiermuth,PIT,TE,12,47,32,32.00,0.42,68.1,308,30.80,0.40,2,12.00,0.16,29,6.6,9.6,0,0,0.00,0.00,0,0,0.00,0.00,0,0,0.00,0.00,6.4,74.80
30,24150,Luke Musgrave,GB,TE,11,46,34,34.00,0.45,73.9,352,35.20,0.47,1,6.00,0.08,37,7.7,10.4,0,0,0.00,0.00,0,0,0.00,0.00,0,0,0.00,0.00,6.8,75.20
31,20753,Noah Fant,SEA,TE,17,43,32,32.00,0.44,74.4,414,41.40,0.56,0,0.00,0.00,51,9.6,12.9,0,0,0.00,0.00,0,0,0.00,0.00,0,0,0.00,0.00,4.3,73.40
32,22823,Kylen Granson,IND,TE,15,50,30,30.00,0.41,60,368,36.80,0.50,1,6.00,0.08,46,7.4,12.3,1,2,0.20,0.00,2,0,0.00,0.00,0,0,0.00,0.00,4.9,73.00
33,19943,Durham Smythe,MIA,TE,16,43,35,35.00,0.49,81.4,366,36.60,0.51,0,0.00,0.00,22,8.5,10.5,0,0,0.00,0.00,0,0,0.00,0.00,0,0,0.00,0.00,4.5,71.60
34,23140,Michael Mayer,LV,TE,14,40,27,27.00,0.38,67.5,304,30.40,0.43,2,12.00,0.17,32,7.6,11.3,0,0,0.00,0.00,0,0,0.00,0.00,0,0,0.00,0.00,5.1,69.40
35,21785,Noah Gray,KC,TE,17,41,28,28.00,0.40,68.3,305,30.50,0.43,2,12.00,0.17,34,7.4,10.9,1,1,0.10,0.00,1,0,0.00,0.00,0,0,0.00,0.00,4.2,70.60
36,19853,Mike Gesicki,NE,TE,17,45,29,29.00,0.44,64.4,244,24.40,0.37,2,12.00,0.18,18,5.4,8.4,0,0,0.00,0.00,0,0,0.00,0.00,0,0,0.00,0.00,3.8,65.40
37,21807,Colby Parkinson,SEA,TE,17,34,25,25.00,0.41,73.5,247,24.70,0.40,2,12.00,0.19,27,7.3,9.9,0,0,0.00,0.00,0,0,0.00,0.00,0,0,0.00,0.00,3.6,61.70
38,22662,Tommy Tremble,CAR,TE,16,32,23,23.00,0.38,71.9,194,19.40,0.32,3,18.00,0.30,30,6.1,8.4,0,0,0.00,0.00,0,0,0.00,0.00,0,0,0.00,0.00,3.8,60.40
38,21786,Adam Trautman,DEN,TE,17,35,22,22.00,0.36,62.9,204,20.40,0.34,3,18.00,0.30,24,5.8,9.3,0,0,0.00,0.00,0,0,0.00,0.00,0,0,0.00,0.00,3.6,60.40
40,20850,Dawson Knox,BUF,TE,12,36,22,22.00,0.40,61.1,186,18.60,0.34,2,12.00,0.22,17,5.2,8.5,0,0,0.00,0.00,0,0,0.00,0.00,0,0,0.00,0.00,4.6,52.60
41,20899,Josh Oliver,MIN,TE,17,28,22,22.00,0.41,78.6,213,21.30,0.40,2,12.00,0.23,33,7.6,9.7,0,0,0.00,0.00,0,0,0.00,0.00,1,1,-2.00,-0.04,3.1,55.26
42,14856,Zach Ertz,ARI,TE,7,43,27,27.00,0.52,62.8,187,18.70,0.36,1,6.00,0.12,17,4.3,6.9,0,0,0.00,0.00,0,0,0.00,0.00,0,0,0.00,0.00,7.4,51.70
43,22506,Brevin Jordan,HOU,TE,14,21,17,17.00,0.33,81,219,21.90,0.43,2,12.00,0.24,27,10.4,12.9,0,0,0.00,0.00,0,0,0.00,0.00,0,0,0.00,0.00,3.6,50.90
44,23485,Daniel Bellinger,NYG,TE,17,28,25,25.00,0.50,89.3,255,25.50,0.50,0,0.00,0.00,26,9.1,10.2,0,0,0.00,0.00,0,0,0.00,0.00,0,0,0.00,0.00,3,50.50
45,20931,Drew Sample,CIN,TE,17,27,22,22.00,0.44,81.5,163,16.30,0.32,2,12.00,0.24,22,6,7.4,0,0,0.00,0.00,0,0,0.00,0.00,0,0,0.00,0.00,3,50.30
46,18900,Mo Alie-Cox,IND,TE,17,22,13,13.00,0.26,59.1,161,16.10,0.33,3,18.00,0.37,35,7.3,12.4,0,0,0.00,0.00,0,0,0.00,0.00,0,0,0.00,0.00,2.9,47.10
47,17963,Austin Hooper,LV,TE,17,31,25,25.00,0.52,80.6,234,23.40,0.48,0,0.00,0.00,21,7.5,9.4,0,0,0.00,0.00,0,0,0.00,0.00,0,0,0.00,0.00,2.8,48.40
48,20884,Foster Moreau,NO,TE,15,25,21,21.00,0.45,84,193,19.30,0.42,1,6.00,0.13,23,7.7,9.2,0,0,0.00,0.00,0,0,0.00,0.00,0,0,0.00,0.00,3.1,46.30
49,19843,Hayden Hurst,CAR,TE,9,32,18,18.00,0.42,56.2,184,18.40,0.43,1,6.00,0.14,48,5.8,10.2,0,0,0.00,0.00,0,0,0.00,0.00,0,0,0.00,0.00,4.7,42.40
50,19165,Johnny Mundt,MIN,TE,17,23,17,17.00,0.42,73.9,172,17.20,0.43,1,6.00,0.15,32,7.5,10.1,0,0,0.00,0.00,0,0,0.00,0.00,0,0,0.00,0.00,2.4,40.20
50,19950,Will Dissly,SEA,TE,16,22,17,17.00,0.42,77.3,172,17.20,0.43,1,6.00,0.15,21,7.8,10.1,0,0,0.00,0.00,0,0,0.00,0.00,0,0,0.00,0.00,2.5,40.20
52,23487,Connor Heyward,PIT,TE,17,34,23,23.00,0.58,67.6,167,16.70,0.42,0,0.00,0.00,13,4.9,7.3,1,0,0.00,0.00,0,0,0.00,0.00,0,0,0.00,0.00,2.3,39.70
53,23143,Will Mallory,IND,TE,12,26,18,18.00,0.47,69.2,207,20.70,0.53,0,0.00,0.00,43,8,11.5,0,0,0.00,0.00,0,0,0.00,0.00,1,0,0.00,0.00,3.2,38.70
54,21783,Harrison Bryant,CLE,TE,17,20,13,13.00,0.34,65,81,8.10,0.21,3,18.00,0.47,23,4,6.2,5,8,0.80,0.02,1.6,0,0.00,0.00,1,1,-2.00,-0.05,2.2,39.85
55,19304,Pharaoh Brown,NE,TE,17,15,13,13.00,0.34,86.7,208,20.80,0.55,1,6.00,0.16,58,13.9,16,0,0,0.00,0.00,0,0,0.00,0.00,1,1,-2.00,-0.05,2.2,39.75
56,24449,Elijah Higgins,ARI,TE,11,19,14,14.00,0.39,73.7,163,16.30,0.45,1,6.00,0.17,26,8.6,11.6,0,0,0.00,0.00,0,0,0.00,0.00,0,0,0.00,0.00,3.3,36.30
57,23608,Drew Ogletree,IND,TE,12,21,9,9.00,0.25,42.9,147,14.70,0.41,2,12.00,0.34,33,7,16.3,0,0,0.00,0.00,0,0,0.00,0.00,0,0,0.00,0.00,3,35.70
58,22657,John Bates,WAS,TE,17,28,19,19.00,0.56,67.9,151,15.10,0.44,0,0.00,0.00,35,5.4,7.9,0,0,0.00,0.00,0,0,0.00,0.00,0,0,0.00,0.00,2,34.10
59,11488,Jimmy Graham,NO,TE,13,7,6,6.00,0.18,85.7,39,3.90,0.12,4,24.00,0.71,12,5.6,6.5,0,0,0.00,0.00,0,0,0.00,0.00,0,0,0.00,0.00,2.6,33.90
60,20949,Irv Smith Jr.,CIN,TE,12,26,18,18.00,0.54,69.2,115,11.50,0.34,1,6.00,0.18,14,4.4,6.4,0,0,0.00,0.00,0,0,0.00,0.00,1,1,-2.00,-0.06,2.8,35.44
61,23644,Stone Smartt,LAC,TE,16,21,11,11.00,0.34,52.4,155,15.50,0.48,1,6.00,0.18,51,7.4,14.1,0,0,0.00,0.00,0,0,0.00,0.00,0,0,0.00,0.00,2,32.50
62,22521,Jeremy Ruckert,NYJ,TE,15,22,16,16.00,0.51,72.7,151,15.10,0.49,0,0.00,0.00,23,6.9,9.4,0,0,0.00,0.00,0,0,0.00,0.00,0,0,0.00,0.00,2.1,31.10
63,21795,Luke Farrell,JAX,TE,17,15,13,13.00,0.46,86.7,155,15.50,0.54,0,0.00,0.00,42,10.3,11.9,0,0,0.00,0.00,0,0,0.00,0.00,0,0,0.00,0.00,1.7,28.50
64,19903,Jordan Akins,CLE,TE,17,23,15,15.00,0.53,65.2,132,13.20,0.47,0,0.00,0.00,28,5.7,8.8,0,0,0.00,0.00,0,0,0.00,0.00,0,0,0.00,0.00,1.7,28.20
65,23010,Brock Wright,DET,TE,14,14,13,13.00,0.46,92.9,91,9.10,0.32,1,6.00,0.21,25,6.5,7,0,0,0.00,0.00,0,0,0.00,0.00,0,0,0.00,0.00,2,28.10
66,24288,Luke Schoonmaker,DAL,TE,17,15,8,8.00,0.30,53.3,65,6.50,0.25,2,12.00,0.45,18,4.3,8.1,0,0,0.00,0.00,0,0,0.00,0.00,0,0,0.00,0.00,1.6,26.50
67,16903,MyCole Pruitt,ATL,TE,17,12,9,9.00,0.35,75,110,11.00,0.42,1,6.00,0.23,22,9.2,12.2,0,0,0.00,0.00,0,0,0.00,0.00,1,0,0.00,0.00,1.5,26.00
68,24148,Davis Allen,LAR,TE,15,11,10,10.00,0.39,90.9,95,9.50,0.37,1,6.00,0.24,21,8.6,9.5,0,0,0.00,0.00,0,0,0.00,0.00,0,0,0.00,0.00,1.7,25.50
69,21865,Stephen Sullivan,CAR,TE,11,24,12,12.00,0.49,50,125,12.50,0.51,0,0.00,0.00,20,5.2,10.4,0,0,0.00,0.00,0,0,0.00,0.00,0,0,0.00,0.00,2.2,24.50
70,24375,Josh Whyle,TEN,TE,11,15,9,9.00,0.37,60,94,9.40,0.39,1,6.00,0.25,24,6.3,10.4,0,0,0.00,0.00,0,0,0.00,0.00,0,0,0.00,0.00,2.2,24.40
71,23650,Lucas Krull,DEN,TE,7,14,8,8.00,0.34,57.1,95,9.50,0.40,1,6.00,0.26,35,6.8,11.9,0,0,0.00,0.00,0,0,0.00,0.00,0,0,0.00,0.00,3.4,23.50
72,22515,Cole Turner,WAS,TE,12,15,11,11.00,0.48,73.3,120,12.00,0.52,0,0.00,0.00,29,8,10.9,0,0,0.00,0.00,0,0,0.00,0.00,0,0,0.00,0.00,1.9,23.00
73,19491,Robert Tonyan,CHI,TE,17,17,11,11.00,0.50,64.7,112,11.20,0.50,0,0.00,0.00,24,6.6,10.2,0,0,0.00,0.00,0,0,0.00,0.00,0,0,0.00,0.00,1.3,22.20
74,23135,Charlie Kolar,BAL,TE,15,9,7,7.00,0.32,77.8,87,8.70,0.40,1,6.00,0.28,19,9.7,12.4,0,0,0.00,0.00,0,0,0.00,0.00,0,0,0.00,0.00,1.4,21.70
75,16917,C.J. Uzomah,NYJ,TE,12,12,8,8.00,0.40,66.7,58,5.80,0.29,1,6.00,0.30,19,4.8,7.2,0,0,0.00,0.00,0,0,0.00,0.00,0,0,0.00,0.00,1.6,19.80
76,17005,Geoff Swaim,ARI,TE,14,11,10,10.00,0.52,90.9,94,9.40,0.48,0,0.00,0.00,26,8.5,9.4,0,0,0.00,0.00,0,0,0.00,0.00,0,0,0.00,0.00,1.4,19.40
77,21800,Mitchell Wilcox,CIN,TE,17,12,9,9.00,0.62,75,56,5.60,0.38,0,0.00,0.00,12,4.7,6.2,0,0,0.00,0.00,0,0,0.00,0.00,0,0,0.00,0.00,0.9,14.60
78,21798,Josiah Deguara,GB,TE,15,8,8,8.00,0.55,100,65,6.50,0.45,0,0.00,0.00,19,8.1,8.1,0,0,0.00,0.00,0,0,0.00,0.00,0,0,0.00,0.00,1,14.50
78,24223,Brenton Strange,JAX,TE,14,9,5,5.00,0.34,55.6,35,3.50,0.24,1,6.00,0.41,17,3.9,7,0,0,0.00,0.00,0,0,0.00,0.00,0,0,0.00,0.00,1,14.50
80,21728,Lawrence Cager,NYG,TE,11,5,4,4.00,0.29,80,36,3.60,0.26,1,6.00,0.44,10,7.2,9,0,0,0.00,0.00,0,0,0.00,0.00,1,0,0.00,0.00,1.2,13.60
81,23136,Darnell Washington,PIT,TE,17,10,7,7.00,0.53,70,61,6.10,0.47,0,0.00,0.00,12,6.1,8.7,0,0,0.00,0.00,0,0,0.00,0.00,0,0,0.00,0.00,0.8,13.10
82,3061,Marcedes Lewis,CHI,TE,17,5,4,4.00,0.31,80,29,2.90,0.22,1,6.00,0.47,16,5.8,7.2,0,0,0.00,0.00,0,0,0.00,0.00,0,0,0.00,0.00,0.8,12.90
83,21678,Brycen Hopkins,LAR,TE,15,7,5,5.00,0.39,71.4,78,7.80,0.61,0,0.00,0.00,29,11.1,15.6,0,0,0.00,0.00,0,0,0.00,0.00,0,0,0.00,0.00,0.9,12.80
84,24533,Ben Sims,GB,TE,17,6,4,4.00,0.33,66.7,21,2.10,0.17,1,6.00,0.50,12,3.5,5.2,0,0,0.00,0.00,0,0,0.00,0.00,0,0,0.00,0.00,0.7,12.10
85,16878,Blake Bell,KC,TE,17,9,5,5.00,0.43,55.6,26,2.60,0.22,1,6.00,0.52,8,2.9,5.2,0,0,0.00,0.00,0,0,0.00,0.00,1,1,-2.00,-0.17,0.7,13.43
86,24151,Payne Durham,TB,TE,13,7,5,5.00,0.46,71.4,58,5.80,0.54,0,0.00,0.00,25,8.3,11.6,0,0,0.00,0.00,0,0,0.00,0.00,0,0,0.00,0.00,0.8,10.80
87,19910,Ian Thomas,CAR,TE,12,9,5,5.00,0.47,55.6,56,5.60,0.53,0,0.00,0.00,28,6.2,11.2,0,0,0.00,0.00,0,0,0.00,0.00,0,0,0.00,0.00,0.9,10.60
87,22511,Quintin Morris,BUF,TE,15,3,2,2.00,0.19,66.7,26,2.60,0.25,1,6.00,0.57,15,8.7,13,0,0,0.00,0.00,0,0,0.00,0.00,0,0,0.00,0.00,0.7,10.60
89,24463,Julian Hill,MIA,TE,15,9,6,6.00,0.68,66.7,48,4.80,0.55,0,0.00,0.00,18,5.3,8,0,0,0.00,0.00,0,0,0.00,0.00,1,1,-2.00,-0.23,0.6,10.57
89,22661,Jack Stoll,PHI,TE,17,8,5,5.00,0.57,62.5,38,3.80,0.43,0,0.00,0.00,14,4.8,7.6,0,0,0.00,0.00,0,0,0.00,0.00,0,0,0.00,0.00,0.5,8.80
91,23486,Grant Calcaterra,PHI,TE,15,4,4,4.00,0.51,100,39,3.90,0.49,0,0.00,0.00,12,9.8,9.8,0,0,0.00,0.00,0,0,0.00,0.00,0,0,0.00,0.00,0.5,7.90
92,22517,Peyton Hendershot,DAL,TE,8,7,4,4.00,0.51,57.1,38,3.80,0.49,0,0.00,0.00,24,5.4,9.5,1,0,0.00,0.00,0,0,0.00,0.00,0,0,0.00,0.00,1,7.80
93,23618,Ko Kieft,TB,TE,16,5,1,1.00,0.14,20,2,0.20,0.03,1,6.00,0.83,2,0.4,2,0,0,0.00,0.00,0,0,0.00,0.00,0,0,0.00,0.00,0.4,7.20
94,24686,Nate Adkins,DEN,TE,10,5,4,4.00,0.65,80,22,2.20,0.35,0,0.00,0.00,11,4.4,5.5,0,0,0.00,0.00,0,0,0.00,0.00,0,0,0.00,0.00,0.6,6.20
94,22119,Charlie Woerner,SF,TE,17,3,3,3.00,0.48,100,32,3.20,0.52,0,0.00,0.00,20,10.7,10.7,0,0,0.00,0.00,0,0,0.00,0.00,0,0,0.00,0.00,0.4,6.20
96,23310,Greg Dulcich,DEN,TE,2,4,3,3.00,0.55,75,25,2.50,0.45,0,0.00,0.00,13,6.2,8.3,0,0,0.00,0.00,0,0,0.00,0.00,0,0,0.00,0.00,2.8,5.50
97,23355,Teagan Quitoriano,HOU,TE,7,3,2,2.00,0.38,66.7,33,3.30,0.62,0,0.00,0.00,22,11,16.5,0,0,0.00,0.00,0,0,0.00,0.00,0,0,0.00,0.00,0.8,5.30
98,22524,James Mitchell,DET,TE,15,2,2,2.00,0.42,100,28,2.80,0.58,0,0.00,0.00,24,14,14,0,0,0.00,0.00,0,0,0.00,0.00,0,0,0.00,0.00,0.3,4.80
98,22514,Kenny Yeboah,NYJ,TE,5,4,2,2.00,0.42,50,28,2.80,0.58,0,0.00,0.00,20,7,14,0,0,0.00,0.00,0,0,0.00,0.00,0,0,0.00,0.00,1,4.80
99.00,99999.00,League Average (20+ Catches),NFL,TE,15.32,64.40,46.28,46.28,0.42,71.95,475.49,47.55,0.43,2.87,17.23,0.15,34.51,7.31,10.17,0.40,0.55,0.06,0.00,0.32,0.00,0.00,0.00,0.45,0.28,-0.55,0.00,7.32,111.11
100,19035,Eric Saubert,HOU,TE,10,3,3,3.00,0.71,100,12,1.20,0.29,0,0.00,0.00,5,4,4,0,0,0.00,0.00,0,0,0.00,0.00,0,0,0.00,0.00,0.4,4.20
101,17762,Chris Manhertz,DEN,TE,16,4,2,2.00,0.56,50,16,1.60,0.44,0,0.00,0.00,10,4,8,0,0,0.00,0.00,0,0,0.00,0.00,0,0,0.00,0.00,0.2,3.60
102,23621,Nick Muse,MIN,TE,2,1,1,1.00,0.31,100,22,2.20,0.69,0,0.00,0.00,22,22,22,0,0,0.00,0.00,0,0,0.00,0.00,0,0,0.00,0.00,1.6,3.20
103,20977,Trevon Wesco,TEN,TE,15,3,1,1.00,0.32,33.3,21,2.10,0.68,0,0.00,0.00,21,7,21,0,0,0.00,0.00,0,0,0.00,0.00,0,0,0.00,0.00,0.2,3.10
104,23614,John FitzPatrick,ATL,TE,10,1,1,1.00,0.45,100,12,1.20,0.55,0,0.00,0.00,12,12,12,0,0,0.00,0.00,0,0,0.00,0.00,0,0,0.00,0.00,0.2,2.20
104,20361,Ross Dwelley,SF,TE,12,2,1,1.00,0.45,50,12,1.20,0.55,0,0.00,0.00,12,6,12,0,0,0.00,0.00,0,0,0.00,0.00,0,0,0.00,0.00,0.2,2.20
106,24021,Tucker Fisk,ATL,TE,6,1,1,1.00,0.53,100,9,0.90,0.47,0,0.00,0.00,9,9,9,0,0,0.00,0.00,0,0,0.00,0.00,0,0,0.00,0.00,0.3,1.90
107,20134,Kevin Rader,TEN,TE,14,3,1,1.00,0.63,33.3,6,0.60,0.38,0,0.00,0.00,6,2,6,0,0,0.00,0.00,0,0,0.00,0.00,0,0,0.00,0.00,0.1,1.60
107,23335,Cole Fotheringham,LV,TE,2,1,1,1.00,0.63,100,6,0.60,0.38,0,0.00,0.00,6,6,6,0,0,0.00,0.00,0,0,0.00,0.00,0,0,0.00,0.00,0.8,1.60
109,20812,Jesper Horsted,LV,TE,13,1,1,1.00,0.71,100,4,0.40,0.29,0,0.00,0.00,4,4,4,0,0,0.00,0.00,0,0,0.00,0.00,0,0,0.00,0.00,0.1,1.40
110,18019,Nick Vannett,LAC,TE,8,1,1,1.00,0.77,100,3,0.30,0.23,0,0.00,0.00,3,3,3,0,0,0.00,0.00,0,0,0.00,0.00,0,0,0.00,0.00,0.2,1.30
111,21732,Giovanni Ricci,CAR,TE,5,1,1,1.00,0.83,100,2,0.20,0.17,0,0.00,0.00,2,2,2,0,0,0.00,0.00,0,0,0.00,0.00,0,0,0.00,0.00,0.2,1.20
112,20199,David Wells,TB,TE,5,2,2,2.00,2.00,100,-10,-1.00,-1.00,0,0.00,0.00,1,-5,-5,0,0,0.00,0.00,0,0,0.00,0.00,1,0,0.00,0.00,0.2,1.00
113,22518,Matt Bushman,KC,TE,1,0,0,0.00,0.00,0,0,0.00,0.00,0,0.00,0.00,0,0,0,0,0,0.00,0.00,0,0,0.00,0.00,0,0,0.00,0.00,0,0.00
113,23101,Parker Hesse,ATL,TE,3,0,0,0.00,0.00,0,0,0.00,0.00,0,0.00,0.00,0,0,0,0,0,0.00,0.00,0,0,0.00,0.00,0,0,0.00,0.00,0,0.00
113,21278,Stephen Carlson,CHI,TE,1,0,0,0.00,0.00,0,0,0.00,0.00,0,0.00,0.00,0,0,0,0,0,0.00,0.00,0,0,0.00,0.00,0,0,0.00,0.00,0,0.00
113,16846,Tyler Kroft,MIA,TE,8,0,0,0.00,0.00,0,0,0.00,0.00,0,0.00,0.00,0,0,0,0,0,0.00,0.00,0,0,0.00,0.00,0,0,0.00,0.00,0,0.00
113,21794,Albert Okwuegbunam,PHI,TE,4,1,0,0.00,0.00,0,0,0.00,0.00,0,0.00,0.00,0,0,0,0,0,0.00,0.00,0,0,0.00,0.00,0,0,0.00,0.00,0,0.00
113,22512,Tre' McKitty,LAC,TE,6,0,0,0.00,0.00,0,0,0.00,0.00,0,0.00,0.00,0,0,0,0,0,0.00,0.00,0,0,0.00,0.00,0,0,0.00,0.00,0,0.00
113,24149,Brayden Willis,SF,TE,7,0,0,0.00,0.00,0,0,0.00,0.00,0,0.00,0.00,0,0,0,0,0,0.00,0.00,0,0,0.00,0.00,0,0,0.00,0.00,0,0.00
113,24718,Brady Russell,SEA,TE,15,0,0,0.00,0.00,0,0,0.00,0.00,0,0.00,0.00,0,0,0,0,0,0.00,0.00,0,0,0.00,0.00,0,0,0.00,0.00,0,0.00
113,19176,Darrell Daniels,DET,TE,3,0,0,0.00,0.00,0,0,0.00,0.00,0,0.00,0.00,0,0,0,0,0,0.00,0.00,0,0,0.00,0.00,0,0,0.00,0.00,0,0.00
113,21781,Sean McKeon,DAL,TE,9,2,0,0.00,0.00,0,0,0.00,0.00,0,0.00,0.00,0,0,0,0,0,0.00,0.00,0,0,0.00,0.00,0,0,0.00,0.00,0,0.00
113,23711,Rodney Williams,PIT,TE,13,2,0,0.00,0.00,0,0,0.00,0.00,0,0.00,0.00,0,0,0,0,0,0.00,0.00,0,0,0.00,0.00,0,0,0.00,0.00,0,0.00
113,23737,Tanner Conner,MIA,TE,3,0,0,0.00,0.00,0,0,0.00,0.00,0,0.00,0.00,0,0,0,0,0,0.00,0.00,0,0,0.00,0.00,0,0,0.00,0.00,0,0.00
113,18498,J.P. Holtz,NO,TE,1,0,0,0.00,0.00,0,0,0.00,0.00,0,0.00,0.00,0,0,0,0,0,0.00,0.00,0,0,0.00,0.00,0,0,0.00,0.00,0,0.00
113,24354,Blake Whiteheart,ARI,TE,2,0,0,0.00,0.00,0,0,0.00,0.00,0,0.00,0.00,0,0,0,0,0,0.00,0.00,0,0,0.00,0.00,0,0,0.00,0.00,0,0.00
113,15974,Jordan Matthews,CAR,TE,1,0,0,0.00,0.00,0,0,0.00,0.00,0,0.00,0.00,0,0,0,0,0,0.00,0.00,0,0,0.00,0.00,0,0,0.00,0.00,0,0.00
113,21808,Dalton Keene,HOU,TE,1,0,0,0.00,0.00,0,0,0.00,0.00,0,0.00,0.00,0,0,0,0,0,0.00,0.00,0,0,0.00,0.00,0,0,0.00,0.00,0,0.00
113,20823,Tyree Jackson,NYG,TE,2,0,0,0.00,0.00,0,0,0.00,0.00,0,0.00,0.00,0,0,0,0,0,0.00,0.00,0,0,0.00,0.00,0,0,0.00,0.00,0,0.00
113,22509,Hunter Long,LAR,TE,4,0,0,0.00,0.00,0,0,0.00,0.00,0,0.00,0.00,0,0,0,0,0,0.00,0.00,0,0,0.00,0.00,0,0,0.00,0.00,0,0.00
113,21796,Noah Togiai,PHI,TE,1,0,0,0.00,0.00,0,0,0.00,0.00,0,0.00,0.00,0,0,0,0,0,0.00,0.00,0,0,0.00,0.00,0,0,0.00,0.00,0,0.00
113,22663,Hunter Kampmoyer,LAC,TE,1,0,0,0.00,0.00,0,0,0.00,0.00,0,0.00,0.00,0,0,0,0,0,0.00,0.00,0,0,0.00,0.00,0,0,0.00,0.00,0,0.00
113,24617,Princeton Fant,DAL,TE,2,0,0,0.00,0.00,0,0,0.00,0.00,0,0.00,0.00,0,0,0,0,0,0.00,0.00,0,0,0.00,0.00,0,0,0.00,0.00,0,0.00
113,18262,Stephen Anderson,LAC,TE,3,0,0,0.00,0.00,0,0,0.00,0.00,0,0.00,0.00,0,0,0,0,0,0.00,0.00,0,0,0.00,0.00,0,0,0.00,0.00,0,0.00
113,22954,Josh Pederson,JAX,TE,3,0,0,0.00,0.00,0,0,0.00,0.00,0,0.00,0.00,0,0,0,0,0,0.00,0.00,0,0,0.00,0.00,0,0,0.00,0.00,0,0.00
113,19296,Anthony Firkser,DET,TE,2,0,0,0.00,0.00,0,0,0.00,0.00,0,0.00,0.00,0,0,0,0,0,0.00,0.00,0,0,0.00,0.00,0,0,0.00,0.00,0,0.00
113,24444,Travis Vokolek,ARI,TE,2,0,0,0.00,0.00,0,0,0.00,0.00,0,0.00,0.00,0,0,0,0,0,0.00,0.00,0,0,0.00,0.00,0,0,0.00,0.00,0,0.00
113,21158,Matt Sokol,NE,TE,3,0,0,0.00,0.00,0,0,0.00,0.00,0,0.00,0.00,0,0,0,0,0,0.00,0.00,0,0,0.00,0.00,0,0,0.00,0.00,0,0.00
113,24211,Zack Kuntz,NYJ,TE,1,0,0,0.00,0.00,0,0,0.00,0.00,0,0.00,0.00,0,0,0,0,0,0.00,0.00,0,0,0.00,0.00,0,0,0.00,0.00,0,0.00
113,20770,Zach Gentry,LV,TE,1,0,0,0.00,0.00,0,0,0.00,0.00,0,0.00,0.00,0,0,0,0,0,0.00,0.00,0,0,0.00,0.00,0,0,0.00,0.00,0,0.00
113,23876,Chris Pierce,CAR,TE,1,0,0,0.00,0.00,0,0,0.00,0.00,0,0.00,0.00,0,0,0,0,0,0.00,0.00,0,0,0.00,0.00,0,0,0.00,0.00,0,0.00
